Job Role,Skills
Data Scientist,Python SQL Machine Learning Data Analysis Statistics
DevOps Engineer,AWS Docker Kubernetes CI/CD Automation Linux
Backend Developer,Java Python SQL APIs Databases Backend
Frontend Developer,JavaScript HTML CSS React Frontend UI
Cloud Architect,AWS Cloud Computing Azure Kubernetes Networking
ML Engineer,Python Machine Learning TensorFlow Data Structures Algorithms
System Admin,Linux Networking Automation Cloud Security
Full Stack Developer,JavaScript Python SQL React APIs Backend Frontend
Data Analyst,SQL Excel Python Data Analysis Statistics Visualization
Security Engineer,Networking Security Cloud Linux Automation Encryption
